33,5,2025-06-09
22,4,2025-09-03
5,16,2025-05-02
25,37,2025-02-23
24,49,2025-03-26
17,32,2025-03-08
16,21,2025-08-24
39,7,2025-04-24
10,51,2025-06-13
23,30,2025-01-14
34,1,2025-08-20
8,48,2025-02-23
14,38,2025-04-15
18,46,2025-10-12
15,46,2025-02-10
26,10,2025-07-09
16,57,2025-06-04
20,1,2025-03-01
32,48,2025-06-04
33,12,2025-03-25
22,55,2025-08-13
24,45,2025-09-24
19,38,2025-04-18
12,13,2025-07-31
3,2,2025-05-27
6,58,2025-04-19
30,28,2025-01-04
35,42,2025-04-29
14,50,2025-03-21
12,3,2025-04-27
36,55,2025-03-05
7,52,2025-05-08
7,4,2025-06-28
25,1,2025-08-13
13,34,2025-08-03
11,19,2025-04-30
30,36,2025-04-26
13,12,2025-10-24
37,22,2025-05-29
16,61,2025-01-27
