1,8,14,5,Compact design and lightweight.,2024-09-25
2,26,12,1,Excellent quality and performance.,2024-10-13
3,11,59,2,Good value for the price.,2024-04-10
4,15,13,4,Customer service was helpful.,2024-05-31
5,22,25,5,Sturdy and efficient equipment.,2024-09-02
6,40,19,3,Met all my expectations.,2024-05-28
7,24,38,5,Excellent quality and performance.,2024-04-20
8,30,11,2,Met all my expectations.,2025-07-16
9,6,33,2,Sturdy and efficient equipment.,2025-04-13
10,17,34,4,Not as durable as I hoped.,2024-04-01
11,31,59,5,Battery life could be better.,2025-01-02
12,40,48,3,Smooth operation and easy setup.,2024-01-14
13,1,29,1,Compact design and lightweight.,2024-05-05
14,15,6,2,Excellent quality and performance.,2024-05-01
15,30,4,3,Poor build quality for the price.,2024-07-18
16,11,5,5,Performs better than advertised.,2024-05-13
17,15,20,1,Instructions were unclear.,2024-11-02
18,26,1,5,Customer service was helpful.,2025-03-25
19,33,53,2,Not as durable as I hoped.,2025-01-02
20,4,16,3,Exceeded my expectations.,2025-04-26
21,5,7,1,Poor build quality for the price.,2025-06-15
22,18,46,4,"Works as expected, very reliable.",2024-05-25
23,31,9,3,Met all my expectations.,2024-04-30
24,6,45,4,I use it daily without issues.,2025-05-17
25,16,40,2,Met all my expectations.,2024-06-20
26,37,38,2,High-quality materials used.,2024-11-11
27,19,18,3,I use it daily without issues.,2025-03-27
28,5,23,5,Would definitely purchase again.,2024-12-23
29,30,34,1,Perfect for my needs.,2024-05-11
30,28,60,4,I use it daily without issues.,2024-04-08
31,3,23,1,Sturdy and efficient equipment.,2024-01-18
32,33,37,1,Would definitely purchase again.,2024-02-02
33,35,18,3,Performs better than advertised.,2024-04-09
34,28,1,5,Exceeded my expectations.,2025-04-28
35,6,44,1,Not as durable as I hoped.,2025-02-20
36,1,28,3,Met all my expectations.,2024-02-19
37,10,42,2,Perfect for my needs.,2024-01-22
38,4,19,1,Good value for the price.,2025-04-15
39,1,24,3,High-quality materials used.,2025-08-15
40,16,49,2,"Works as expected, very reliable.",2025-04-15
