1,Columbus,"2639 Quilly Lane, Columbus, OH, 43215",Maria Gonzalez,213,91
2,Columbus,"109 Andell Road, Columbus, OH, 43215",Noah Martinez,199,70
3,Columbus,"2573 James Martin Circle, Columbus, OH, 43085",Emma Davis,198,92
4,Dayton,"1516 Ingram Street, Dayton, OH, 45408",Liam Johnson,153,52
5,Dayton,"4249 Pringle Drive, Dayton, OH, 45469",Emma Davis,165,85
6,Cleveland,"3041 Hiddenview Drive, Cleveland, OH, 44114",Lucas Young,168,56
7,Cleveland,"2944 Sunny Glen Lane, Cleveland, OH, 44103",Ethan Thompson,155,73
